variant_id,source_stratum,path_kind,first_destination
V0047,directed,static,schema_validation
V0050,directed,static,schema_validation
V0046,directed,static,schema_validation
V0049,directed,static,schema_validation
V0048,directed,static,single_artifact_validator
V0052,directed,static,approval_hash_binding
V0045,directed,static,approval_hash_binding
V0051,directed,static,approval_hash_binding
V0055,directed,static,schema_validation
V0058,directed,static,schema_validation
V0054,directed,static,schema_validation
V0057,directed,static,schema_validation
V0056,directed,static,single_artifact_validator
V0060,directed,static,approval_hash_binding
V0053,directed,static,approval_hash_binding
V0059,directed,static,approval_hash_binding
V0039,directed,static,schema_validation
V0042,directed,static,schema_validation
V0038,directed,static,schema_validation
V0041,directed,static,schema_validation
V0040,directed,static,single_artifact_validator
V0036,directed,static,approval_hash_binding
V0037,directed,static,approval_hash_binding
V0044,directed,static,approval_hash_binding
V0035,directed,static,approval_hash_binding
V0043,directed,static,approval_hash_binding
V0009,directed,static,schema_validation
V0012,directed,static,schema_validation
V0008,directed,static,schema_validation
V0011,directed,static,schema_validation
V0010,directed,static,single_artifact_validator
V0006,directed,static,escape
V0007,directed,static,escape
V0014,directed,static,escape
V0005,directed,static,escape
V0013,directed,static,escape
V0002,directed,static,schema_validation
V0004,directed,static,schema_validation
V0001,directed,static,schema_validation
V0003,directed,static,schema_validation
V0031,fuzz,static,schema_validation
V0026,fuzz,static,schema_validation
V0019,fuzz,static,schema_validation
V0015,fuzz,static,schema_validation
V0032,fuzz,static,schema_validation
V0033,fuzz,static,schema_validation
V0020,fuzz,static,schema_validation
V0021,fuzz,static,schema_validation
V0016,fuzz,static,schema_validation
V0027,fuzz,static,schema_validation
V0028,fuzz,static,schema_validation
V0017,fuzz,static,schema_validation
V0029,fuzz,static,schema_validation
V0024,fuzz,static,escape
V0022,fuzz,static,schema_validation
V0030,fuzz,static,schema_validation
V0023,fuzz,static,schema_validation
V0018,fuzz,static,schema_validation
V0034,fuzz,static,schema_validation
V0025,fuzz,static,escape
V0068,directed,static,cross_artifact_preflight
V0070,directed,static,cross_artifact_preflight
V0069,directed,static,cross_artifact_preflight
V0062,directed,static,cross_artifact_preflight
V0061,directed,static,cross_artifact_preflight
V0066,directed,static,single_artifact_validator
V0067,directed,static,single_artifact_validator
V0063,directed,static,cross_artifact_preflight
V0064,directed,static,cross_artifact_preflight
V0109,directed,static,schema_validation
V0110,directed,static,schema_validation
V0071,directed,static,schema_validation
V0065,directed,static,schema_validation
V0118,directed,static,approval_hash_binding
V0119,directed,static,approval_hash_binding
V0117,directed,static,approval_hash_binding
V0120,directed,static,approval_hash_binding
V0116,directed,static,approval_hash_binding
V0115,directed,static,approval_hash_binding
V0112,directed,static,approval_hash_binding
V0111,directed,static,approval_hash_binding
V0114,directed,static,approval_hash_binding
V0113,directed,static,approval_hash_binding
V0103,fuzz,static,schema_validation
V0085,fuzz,static,schema_validation
V0072,fuzz,static,schema_validation
V0079,fuzz,static,escape
V0080,fuzz,static,schema_validation
V0104,fuzz,static,schema_validation
V0073,fuzz,static,schema_validation
V0093,fuzz,static,schema_validation
V0074,fuzz,static,schema_validation
V0086,fuzz,static,schema_validation
V0094,fuzz,static,schema_validation
V0095,fuzz,static,schema_validation
V0105,fuzz,static,schema_validation
V0087,fuzz,static,schema_validation
V0081,fuzz,static,schema_validation
V0106,fuzz,static,schema_validation
V0088,fuzz,static,schema_validation
V0089,fuzz,static,schema_validation
V0099,fuzz,static,schema_validation
V0096,fuzz,static,schema_validation
V0100,fuzz,static,schema_validation
V0107,fuzz,static,schema_validation
V0075,fuzz,static,approval_hash_binding
V0076,fuzz,static,schema_validation
V0097,fuzz,static,schema_validation
V0082,fuzz,static,schema_validation
V0090,fuzz,static,schema_validation
V0083,fuzz,static,schema_validation
V0098,fuzz,static,schema_validation
V0091,fuzz,static,schema_validation
V0077,fuzz,static,schema_validation
V0108,fuzz,static,schema_validation
V0092,fuzz,static,schema_validation
V0084,fuzz,static,schema_validation
V0078,fuzz,static,schema_validation
V0101,fuzz,static,schema_validation
V0102,fuzz,static,schema_validation
V0121,directed,static,approval_hash_binding
V0122,directed,static,single_artifact_validator
V0123,directed,static,approval_hash_binding
V0180,directed,static,approval_hash_binding
V0127,directed,static,schema_validation
V0126,directed,static,approval_hash_binding
V0125,directed,static,approval_hash_binding
V0124,directed,static,approval_hash_binding
V0173,directed,static,approval_hash_binding
V0172,directed,static,approval_hash_binding
V0171,directed,static,approval_hash_binding
V0175,directed,static,approval_hash_binding
V0174,directed,static,approval_hash_binding
V0170,directed,static,single_artifact_validator
V0179,directed,lifecycle,orchestrator_revalidation
V0178,directed,lifecycle,orchestrator_revalidation
V0177,directed,lifecycle,orchestrator_revalidation
V0176,directed,lifecycle,orchestrator_revalidation
V0160,fuzz,static,schema_validation
V0146,fuzz,static,schema_validation
V0137,fuzz,static,schema_validation
V0128,fuzz,static,schema_validation
V0147,fuzz,static,schema_validation
V0161,fuzz,static,schema_validation
V0152,fuzz,static,escape
V0162,fuzz,static,schema_validation
V0163,fuzz,static,schema_validation
V0129,fuzz,static,schema_validation
V0130,fuzz,static,schema_validation
V0131,fuzz,static,schema_validation
V0164,fuzz,static,schema_validation
V0148,fuzz,static,schema_validation
V0132,fuzz,static,schema_validation
V0138,fuzz,static,schema_validation
V0149,fuzz,static,schema_validation
V0133,fuzz,static,schema_validation
V0139,fuzz,static,schema_validation
V0134,fuzz,static,schema_validation
V0135,fuzz,static,schema_validation
V0140,fuzz,static,schema_validation
V0141,fuzz,static,schema_validation
V0142,fuzz,static,schema_validation
V0143,fuzz,static,schema_validation
V0165,fuzz,static,schema_validation
V0144,fuzz,static,schema_validation
V0155,fuzz,static,schema_validation
V0156,fuzz,static,schema_validation
V0153,fuzz,static,escape
V0150,fuzz,static,schema_validation
V0157,fuzz,static,schema_validation
V0166,fuzz,static,schema_validation
V0167,fuzz,static,schema_validation
V0168,fuzz,static,schema_validation
V0158,fuzz,static,schema_validation
V0145,fuzz,static,schema_validation
V0136,fuzz,static,schema_validation
V0169,fuzz,static,schema_validation
V0154,fuzz,static,schema_validation
V0159,fuzz,static,schema_validation
V0151,fuzz,static,schema_validation
V0239,directed,static,cross_artifact_preflight
V0238,directed,static,cross_artifact_preflight
V0230,directed,static,single_artifact_validator
V0228,directed,static,single_artifact_validator
V0229,directed,static,cross_artifact_preflight
V0232,directed,static,single_artifact_validator
V0231,directed,static,single_artifact_validator
V0235,directed,static,cross_artifact_preflight
V0226,directed,static,schema_validation
V0237,directed,static,schema_validation
V0234,directed,static,schema_validation
V0233,directed,static,single_artifact_validator
V0225,directed,static,schema_validation
V0240,directed,static,schema_validation
V0236,directed,static,schema_validation
V0227,directed,static,single_artifact_validator
V0205,fuzz,static,schema_validation
V0206,fuzz,static,schema_validation
V0207,fuzz,static,schema_validation
V0181,fuzz,static,schema_validation
V0182,fuzz,static,schema_validation
V0200,fuzz,static,schema_validation
V0201,fuzz,static,schema_validation
V0208,fuzz,static,schema_validation
V0214,fuzz,static,schema_validation
V0183,fuzz,static,schema_validation
V0202,fuzz,static,schema_validation
V0215,fuzz,static,schema_validation
V0216,fuzz,static,schema_validation
V0203,fuzz,static,schema_validation
V0189,fuzz,static,schema_validation
V0184,fuzz,static,schema_validation
V0185,fuzz,static,schema_validation
V0217,fuzz,static,schema_validation
V0195,fuzz,static,schema_validation
V0190,fuzz,static,schema_validation
V0186,fuzz,static,schema_validation
V0196,fuzz,static,approval_hash_binding
V0218,fuzz,static,schema_validation
V0209,fuzz,static,schema_validation
V0191,fuzz,static,schema_validation
V0187,fuzz,static,schema_validation
V0192,fuzz,static,cross_artifact_preflight
V0219,fuzz,static,schema_validation
V0193,fuzz,static,schema_validation
V0188,fuzz,static,schema_validation
V0220,fuzz,static,schema_validation
V0210,fuzz,static,schema_validation
V0221,fuzz,static,schema_validation
V0211,fuzz,static,schema_validation
V0197,fuzz,static,schema_validation
V0198,fuzz,static,schema_validation
V0212,fuzz,static,schema_validation
V0222,fuzz,static,schema_validation
V0194,fuzz,static,schema_validation
V0213,fuzz,static,schema_validation
V0199,fuzz,static,schema_validation
V0223,fuzz,static,schema_validation
V0224,fuzz,static,schema_validation
V0204,fuzz,static,schema_validation
V0243,directed,static,schema_validation
V0241,directed,static,schema_validation
V0244,directed,static,schema_validation
V0242,directed,static,schema_validation
V0247,directed,static,schema_validation
V0245,directed,static,schema_validation
V0248,directed,static,schema_validation
V0246,directed,static,schema_validation
V0297,directed,static,schema_validation
V0295,directed,static,schema_validation
V0298,directed,static,schema_validation
V0296,directed,static,schema_validation
V0293,directed,static,schema_validation
V0291,directed,static,schema_validation
V0294,directed,static,schema_validation
V0292,directed,static,schema_validation
V0250,directed,static,cross_artifact_preflight
V0299,directed,static,cross_artifact_preflight
V0300,directed,static,single_artifact_validator
V0249,directed,static,schema_validation
V0254,fuzz,static,schema_validation
V0273,fuzz,static,schema_validation
V0274,fuzz,static,schema_validation
V0265,fuzz,static,escape
V0266,fuzz,static,escape
V0281,fuzz,static,schema_validation
V0282,fuzz,static,schema_validation
V0283,fuzz,static,schema_validation
V0284,fuzz,static,schema_validation
V0260,fuzz,static,schema_validation
V0255,fuzz,static,schema_validation
V0285,fuzz,static,schema_validation
V0269,fuzz,static,schema_validation
V0256,fuzz,static,schema_validation
V0257,fuzz,static,schema_validation
V0286,fuzz,static,schema_validation
V0267,fuzz,static,escape
V0275,fuzz,static,schema_validation
V0261,fuzz,static,schema_validation
V0287,fuzz,static,schema_validation
V0262,fuzz,static,approval_hash_binding
V0276,fuzz,static,schema_validation
V0263,fuzz,static,schema_validation
V0277,fuzz,static,schema_validation
V0270,fuzz,static,schema_validation
V0251,fuzz,static,schema_validation
V0258,fuzz,static,escape
V0252,fuzz,static,schema_validation
V0288,fuzz,static,schema_validation
V0278,fuzz,static,approval_hash_binding
V0271,fuzz,static,schema_validation
V0289,fuzz,static,schema_validation
V0279,fuzz,static,schema_validation
V0264,fuzz,static,schema_validation
V0253,fuzz,static,schema_validation
V0259,fuzz,static,schema_validation
V0290,fuzz,static,schema_validation
V0272,fuzz,static,schema_validation
V0268,fuzz,static,escape
V0280,fuzz,static,schema_validation
V0311,directed,static,single_artifact_validator
V0309,directed,static,single_artifact_validator
V0310,directed,static,single_artifact_validator
V0308,directed,static,single_artifact_validator
V0312,directed,static,cross_artifact_preflight
V0313,directed,static,single_artifact_validator
V0321,directed,static,cross_artifact_preflight
V0320,directed,static,cross_artifact_preflight
V0319,directed,static,cross_artifact_preflight
V0359,directed,static,schema_validation
V0360,directed,static,schema_validation
V0358,directed,static,schema_validation
V0318,directed,static,schema_validation
V0317,directed,static,schema_validation
V0314,directed,static,schema_validation
V0315,directed,static,schema_validation
V0316,directed,static,schema_validation
V0305,directed,static,schema_validation
V0301,directed,static,schema_validation
V0304,directed,static,schema_validation
V0306,directed,static,schema_validation
V0307,directed,static,schema_validation
V0302,directed,static,schema_validation
V0303,directed,static,schema_validation
V0338,fuzz,static,escape
V0339,fuzz,static,escape
V0344,fuzz,static,schema_validation
V0348,fuzz,static,schema_validation
V0322,fuzz,static,schema_validation
V0323,fuzz,static,schema_validation
V0324,fuzz,static,schema_validation
V0325,fuzz,static,schema_validation
V0340,fuzz,static,escape
V0349,fuzz,static,schema_validation
V0328,fuzz,static,schema_validation
V0353,fuzz,static,schema_validation
V0335,fuzz,static,schema_validation
V0329,fuzz,static,schema_validation
V0341,fuzz,static,escape
V0350,fuzz,static,schema_validation
V0326,fuzz,static,schema_validation
V0330,fuzz,static,schema_validation
V0327,fuzz,static,schema_validation
V0351,fuzz,static,schema_validation
V0354,fuzz,static,schema_validation
V0331,fuzz,static,schema_validation
V0332,fuzz,static,schema_validation
V0333,fuzz,static,schema_validation
V0345,fuzz,static,schema_validation
V0352,fuzz,static,schema_validation
V0342,fuzz,static,escape
V0355,fuzz,static,schema_validation
V0343,fuzz,static,escape
V0334,fuzz,static,schema_validation
V0346,fuzz,static,schema_validation
V0356,fuzz,static,schema_validation
V0347,fuzz,static,schema_validation
V0336,fuzz,static,schema_validation
V0337,fuzz,static,schema_validation
V0357,fuzz,static,schema_validation
V0364,directed,static,orchestrator_revalidation
V0362,directed,static,orchestrator_revalidation
V0363,directed,static,orchestrator_revalidation
V0365,directed,static,orchestrator_revalidation
V0361,directed,static,orchestrator_revalidation
